sentence1,sentence2,score,GPT4_0_SP_pred,Llama2_0_SP_pred,GPT4_0_CoT_pred,Llama2_0_CoT_pred,GPT4_0_MP_pred,Llama2_0_MP_pred,GPT4_0_SC_pred,Llama2_0_SC_pred,GPT4_0_LtM_pred,Llama2_0_LtM_pred,GPT4_0_ToT_pred,Llama2_0_ToT_pred,GPT4_0_PS_pred,Llama2_0_PS_pred
A man is riding a bike.,A woman is riding a horse.,1.4,1.8,1.4,1.6,1.1,1.5,1.3,1.5,1.3,1.4,1.4,1.7,0.8,1.5,0.4
A group wading across a witch,A group wading across a ditch,2.8,4.4,2.8,3.6,2.8,2.7,2.6,4.1,3,4.3,2.7,3.8,3.2,3.1,2.3
A black and white horned cow standing in a field.,A large black and white cow in a field.,4,4.7,3.7,3,3.8,3.5,2.6,3,3.6,5.2,4.2,3.2,3.9,3.1,3.4
A toddler walks down a hallway.,A little girl is walking down a hallway.,3.6,4.3,1.9,2.9,3.5,3.7,3.9,3.3,3.5,3.8,1.6,3.2,3.5,2.8,3.3
The bank's shares fell 45 cents in trading yesterday to $91.51 per share.,"Shares of M&T, which is based in Buffalo, fell 41 cents, to $91.51.",2.75,3.2,2.4,3.3,2.6,2.3,1.5,3.5,3,3.3,2.5,3.8,3,3.1,2.7
"Most people want not only to be WELL off, but to become BETTER off as time goes by.","To start, the main drivers of economic growth are resources, technology, and institutions.",0.4,1,2.7,2.2,3,1.2,2.1,2.4,3.1,1.5,3.1,2.4,3.5,1.7,2.4
A man plays the violin.,A man is playing violin.,5,3.8,2.6,4.1,4.1,4.3,3.2,4,4.1,3.8,2.5,4.2,4,4.4,4.3
"This post refers to research in the STEM fields, and may not be applicable to other research topics.",This is about my experience in computer engineering I found that reading for breadth was the more important approach.,0.6,1.3,0.5,0.8,0.6,0.6,2.4,0.4,0.5,1,0.6,0.8,1.1,0.2,0.4
"Let me share my opinion as Ukrainian citizen, from Kharkiv, eastern Ukraine.",I am sure this is more phylosophical and ethical question than it seems.,0,2.7,1.6,1.4,2.8,2.1,2.7,1.3,2.8,2.8,1.5,1.7,2.5,1.3,3
Manchester United slashes price for US IPO,Manchester United Reveal Share Price Details,2.4,3.6,3.2,2.9,3.9,3.4,2.8,3.2,3.8,3.2,3.3,3.5,4.1,3.1,4.2
A small baby is playing a guitar.,"A boy sits on a bed, sings and plays a guitar.",2,3.5,3.3,2.2,3.2,2.8,1.6,1.7,3.2,3.9,3.4,1.8,3.5,1.7,3.4
Batman and Robin fly a helicopter over water.,A helicopter flies over water.,2.6,2.1,2.8,3.9,3.7,3.2,3.1,3.9,3.8,2.2,3.2,3.9,3.4,4.1,3.7
Living room or den with large screen television.,Living room with tan furniture and flat screen television.,3.2,2,2.2,2.1,2.4,2.3,3.1,2.2,2.3,1.7,2.3,2.1,2,2.2,2.2
New video shows US police officers beating mentally-ill man,New York police officer critically wounded in hatchet attack,0,1.2,2,0.6,1.4,1.6,1.2,1,1.2,1.1,1.9,0.9,1.7,0,1.2
Chances are picking the seeds once it's gone to seed isn't going to actually encourage new growth.,The longer you can leave the seed-heads on the plant the better (IMHO).,1.6,2,3.3,2.2,2.6,1.6,2.9,2.2,2.4,1.9,3.4,2.4,2.3,2,2.8
Two women holding checkered flags near an orange car.,Two ladies in skimpy clothes pose next to an old fashioned car.,2.8,3.7,3.3,3.8,3.6,3.7,3.1,3.4,3.4,4.1,3.7,3.6,3.6,3.4,3.8
"As you can see from this map on the Wals.info site, there are many.",This is an example I always find is helpful for first year.,0.6,2.1,1.4,2,2.8,1.7,1.8,2.2,2.5,2.3,1.7,2.2,3.2,2.2,2.7
The gate is blue.,The gate is yellow.,1.6,2.8,2.7,1.3,3.6,1.4,2.8,0.9,3.6,2.8,2.6,1.5,4,1,3.5
I'm not going to be sponsoring it because it is not our proposal but I'm not going to be negative about it.,"I'm not going to be sponsoring it because it's not our proposal, but I'm not responding to it in a negative way, he said.",4.4,4.1,3.2,4.3,4.2,3.1,2.5,4.3,3.9,3.8,3.5,4.7,4.7,4.5,3.7
China yuan weakens to 6.3282 against USD Monday,China's yuan weakens against USD for third day,3.2,3.7,3,2,3.5,2.8,3.1,1.9,3.3,3.3,3.1,2,3.3,1.5,3.4
A boy skateboards down the railing of some graffiti stairs,A skateboarder is jumping over an obstacle in front of a white house.,2.8,4,2.5,2.8,3.7,2.4,3.5,2.3,3.9,4.2,2.2,3.2,3.4,2.4,3.3
This dog is jumping through the water.,Two dogs running through the water on a beach.,2.2,3.5,4.1,2.4,3.6,2.6,3.4,2.6,4.1,3.4,4.3,2.1,3.6,2.1,3.3
A man wearing US flag boxer shorts is standing on a stairway.,A woman wearing a white shirt stands on the street.,0,2.3,3.2,1.2,2.6,2.1,1.9,1,2.9,2.1,2.9,0.9,2.5,1.4,2.2
Syria agrees to surrender chemical weapons,Syria FM: We will stop producing chemical weapons,3.4,2.5,2.8,2.5,2.8,3.5,2.2,2.2,2.8,2.2,3.2,2.1,3.1,2.1,3
As part of a restructuring Peregrine sold its Remedy help desk software unit last year to BMC Software Inc.,Peregrine sold its Remedy business unit to BMC Software in November for $355 million.,3,3.5,3.6,2.7,2.7,2.6,3,2.4,2.3,3.6,4.1,3,2.8,2.9,2.1
Egypt's Coptic Pope Shenuda III dies,Egypt prepares to bury Coptic Pope Shenuda III,3.6,4.5,3.4,4.3,3.6,4.1,3.6,4.4,3.9,4.5,3,4.4,4.1,4.3,2.9
"PM in Tehran, asks NAM to take clear stand on Syria","Manmohan in Tehran, asks NAM to take a stand on Syria",3.8,4.1,2.9,3.6,4,3.6,2.7,3.2,4,4.3,2.9,3.7,4,3,3.8
A motorcycles is parked near a wall covered with a graffiti scene of a cityscape.,A motorcycle is parked by a mural of a city in the evening.,3.4,3.2,3,3.2,2.7,3.4,3.9,3.6,2.2,2.9,3.4,3.1,2.7,3.5,2.1
Older man wearing beret with mountains in background.,A sheep in the morning mist with trees in the background.,0.4,0.6,1.2,0.5,1,0.2,0.2,0.7,0.8,0.6,1.2,0.8,1.4,0.4,0.6
A man and a woman walk through the woods.,The man and woman are walking.,3,3.4,2.5,3.4,3.1,3.6,3.9,3.2,3.4,3,2.1,3.1,3.4,3.4,3.2
